epoch,accuracy,loss,f1
0,0.5167134473079867,1.2442204812620026,0.2886
