,accuracy,loss,f1
0,0.5167134473079867,1.2442204812620026,"tensor(0.2886, device='cuda:0')"
