epoch,accuracy,loss,f1
0,0.4894105639193671,1.2709682031868976,0.2512
