,accuracy,loss,f1
0,0.48941056391936716,1.2709682031868976,"tensor(0.2512, device='cuda:0')"
