epoch,accuracy,loss,f1
0,0.8142383261035978,1.214592741243874,0.7669438719749451
