epoch,accuracy,loss,f1
0,0.5325338096453177,1.1578962067372642,0.2923
