,accuracy,loss,f1
0,0.5325338096453177,1.1578962067372642,"tensor(0.2923, device='cuda:0')"
