epoch,accuracy,loss,f1
0,0.811686654758867,1.0865528347024385,0.7552313208580017
