epoch,accuracy,loss,f1
0,0.8203623373309518,0.9763910062582586,0.7789
