,accuracy,loss,f1
0,0.8384792038785405,1.1153638877638081,"tensor(0.7978, device='cuda:0')"
