epoch,accuracy,loss,f1
0,0.8384792038785405,1.115363887763808,0.7978
