epoch,accuracy,loss,f1
0,0.8298035213064557,1.0726402941392557,0.7852
