,accuracy,loss,f1
0,0.5723398826231182,1.0496238695781248,"tensor(0.3825, device='cuda:0')"
