,accuracy,loss,f1
0,0.7882112783873437,1.4827508677722059,"tensor(0.7309, device='cuda:0')"
