epoch,accuracy,loss,f1
0,0.7882112783873437,1.482750867772206,0.7309
