,accuracy,loss,f1
0,0.5103342689461597,1.1434983482589585,"tensor(0.2685, device='cuda:0')"
