epoch,accuracy,loss,f1
0,0.8438377137024751,1.0299633517500149,0.802078127861023
