epoch,accuracy,loss,f1
0,0.8451135493748405,0.5000081377450408,0.8071
