,accuracy,loss,f1
0,0.7767287573360551,0.6041866423950477,"tensor(0.7064, device='cuda:0')"
