,accuracy,loss,f1
0,0.5220719571319214,1.1750282978153739,"tensor(0.2501, device='cuda:0')"
