epoch,accuracy,loss,f1
0,0.5220719571319214,1.175028297815374,0.2501
