,accuracy,loss,f1
0,0.8520030620056137,0.9716032982541761,0.8143218755722046
