epoch,accuracy,loss,f1
0,0.8520030620056137,0.971603298254176,0.8143218755722046
