,accuracy,loss,f1
0,0.5618780301097218,1.1128284186543054,"tensor(0.4162, device='cuda:0')"
