epoch,accuracy,loss,f1
0,0.5618780301097218,1.1128284186543054,0.4162
